nombre,direccion,href
Capredena,Paseo Bulnes 284,"https://www.google.com/maps/dir/-33.4495049,-70.6546862/@-33.4495049,-70.6546862,17z"
Cecofs Quinta Normal-Catamarca,Catamarca 2232,"https://www.google.com/maps/dir/-33.4187867,-70.7109361/@-33.4187867,-70.7109361,17z"
CESFAM Andes,Andes 4234,"https://www.google.com/maps/dir/-33.4341174,-70.6950653/@-33.4341174,-70.6950653,17z"
Clinica Alemana Temuco,Senador Estebanez 645,https://www.google.com/maps/dir/Senador%20Estebanez%20645
Clinica Las Condes,Avda. Lo Fontecilla 441,"https://www.google.com/maps/dir/-33.3836546,-70.5328474/@-33.3836546,-70.5328474,17z"
Clínica Alemana Valdivia,Beauchef 765,https://www.google.com/maps/dir/Beauchef%20765
Clínica Avansalud Providencia,Avda. Salvador 100,"https://www.google.com/maps/dir/-33.4343299,-70.6280095/@-33.4343299,-70.6280095,17z"
Clínica Bio - Bio,Jorge Alessandri N° 1937,"https://www.google.com/maps/dir/-36.7892227,-73.0656697/@-36.7892227,-73.0656697,17z"
Clínica Dávila,Recoleta 464,"https://www.google.com/maps/dir/-33.4274549,-70.6490927/@-33.4274549,-70.6490927,17z"
Clínica Integral Rancagua,Alameda 634,"https://www.google.com/maps/dir/-34.1652597,-70.7453504/@-34.1652597,-70.7453504,17z"
Clínica Intersalud (FUSAT),Carretera El Cobre - Pte. Edo. Frei 1330,"https://www.google.com/maps/dir/-34.18515,-70.7245802/@-34.18515,-70.7245802,17z"
Clínica Los Carrera,Calle Caupolicán N°958,https://www.google.com/maps/dir/Calle%20Caupolic%C3%A1n%20N%C2%B0958
Clínica Los Leones,Avenida Latorre N°98,https://www.google.com/maps/dir/Avenida%20Latorre%20N%C2%B098
Clínica Nueva Cordillera,Alexander Fleming 7885,"https://www.google.com/maps/dir/-33.4254855,-70.5526844/@-33.4254855,-70.5526844,17z"
Clínica San Antonio,Avenida Antonio Palmieri N° 250,https://www.google.com/maps/dir/Avenida%20Antonio%20Palmieri%20N%C2%B0%20250
Clínica Tarapacá,Barros Arana 1550,"https://www.google.com/maps/dir/-20.2229353,-70.1496631/@-20.2229353,-70.1496631,17z"
Clínica Valparaíso,Avenida Brasil N°2350,https://www.google.com/maps/dir/Avenida%20Brasil%20N%C2%B02350
Dar Salud Bandera,Bandera 236 - Subterráneo,"https://www.google.com/maps/dir/-33.4404536,-70.6546259/@-33.4404536,-70.6546259,17z"
Dar Salud La Florida,Vic. Mackenna Poniente 7215,"https://www.google.com/maps/dir/-33.5208575,-70.6038444/@-33.5208575,-70.6038444,17z"
Delegación Municipal del Salvador,Av. Atacama S/N,"https://www.google.com/maps/dir/-26.2476369,-69.6284976/@-26.2476369,-69.6284976,17z"
Edusalud Maipú,Tristán Valdés 66,"https://www.google.com/maps/dir/-33.5050587,-70.7586169/@-33.5050587,-70.7586169,17z"
Fundación Arturo López Pérez (FALP),Avda. Rancagua 878,"https://www.google.com/maps/dir/-33.439063,-70.6247046/@-33.439063,-70.6247046,17z"
Hospital Clínico J.J.Aguirre,Santos Dumont 999,"https://www.google.com/maps/dir/-33.4200316,-70.6553423/@-33.4200316,-70.6553423,17z"
Hospital Clínico Viña del Mar,Calle Limache N° 1741,https://www.google.com/maps/dir/Calle%20Limache%20N%C2%B0%201741
Hospital de Chañaral,AV. Prat S/N,"https://www.google.com/maps/dir/-26.3472474,-70.6196904/@-26.3472474,-70.6196904,17z"
Hospital de Huasco,Calle la cantera #105,"https://www.google.com/maps/dir/-28.4632783,-71.2185787/@-28.4632783,-71.2185787,17z"
Hospital Diego de Almagro,Juan Martinez N° 2200,"https://www.google.com/maps/dir/-26.3924525,-70.0535459/@-26.3924525,-70.0535459,17z"
Hospital Eduardo Pereira,Avenida Ibsen S/N° Cerro Las Delicias,https://www.google.com/maps/dir/Avenida%20Ibsen%20S/N%C2%B0%20Cerro%20Las%20Delicias
Hospital Militar del Norte,General Borgoño N° 957,"https://www.google.com/maps/dir/-23.6672739,-70.4032797/@-23.6672739,-70.4032797,17z"
Ilustre Municipalidad de Andacollo,Calle Plaza Videla N° 50,https://www.google.com/maps/dir/Calle%20Plaza%20Videla%20N%C2%B0%2050
Ilustre Municipalidad de Cabildo,Avenida Humeres N° 499,https://www.google.com/maps/dir/Avenida%20Humeres%20N%C2%B0%20499
Ilustre Municipalidad de Cartagena,Cesfam Crescente Errazuriz N° 665,https://www.google.com/maps/dir/Cesfam%20Crescente%20Errazuriz%20N%C2%B0%20665
Ilustre Municipalidad de Casablanca,"Avenida Portales N° 60, 2do. Piso","https://www.google.com/maps/dir/Avenida%20Portales%20N%C2%B0%2060,%202do.%20Piso"
Ilustre Municipalidad de Catemu,Calle Borjas García Huidobro N° 25,https://www.google.com/maps/dir/Calle%20Borjas%20Garc%C3%ADa%20Huidobro%20N%C2%B0%2025
Ilustre Municipalidad de Concon,Calle Chañarcillo N° 1150,https://www.google.com/maps/dir/Calle%20Cha%C3%B1arcillo%20N%C2%B0%201150
Ilustre Municipalidad de La Serena,Calle Esmeralda N°2422 Sector Las Compañías,https://www.google.com/maps/dir/Calle%20Esmeralda%20N%C2%B02422%20Sector%20Las%20Compa%C3%B1%C3%ADas
Ilustre Municipalidad de Limache,"Palmira Romano Sur  N°340, Limache","https://www.google.com/maps/dir/Palmira%20Romano%20Sur%C2%A0%20N%C2%B0340,%20Limache"
Ilustre Municipalidad de Llay Llay,Avenida Balmaceda N° 174,https://www.google.com/maps/dir/Avenida%20Balmaceda%20N%C2%B0%20174
Ilustre Municipalidad de Olmue,Calle Prat N° 12,https://www.google.com/maps/dir/Calle%20Prat%20N%C2%B0%2012
Ilustre Municipalidad de Petorca,Calle Silva Esq. Cuartel N° 225,https://www.google.com/maps/dir/Calle%20Silva%20Esq.%20Cuartel%20N%C2%B0%20225
Ilustre Municipalidad de Puchuncavi,"Avenida Bello Horizonte N° 45, Ventanas","https://www.google.com/maps/dir/Avenida%20Bello%20Horizonte%20N%C2%B0%2045,%20Ventanas"
Ilustre Municipalidad de Putaendo,Avenida Alessandri N° 196,https://www.google.com/maps/dir/Avenida%20Alessandri%20N%C2%B0%20196
Ilustre Municipalidad de Vicuña,Calle San Martín N° 275,https://www.google.com/maps/dir/Calle%20San%20Mart%C3%ADn%20N%C2%B0%20275
Ilustre Municipalidad del Quisco,Avenida Isidoro Dubournais N° 240,https://www.google.com/maps/dir/Avenida%20Isidoro%20Dubournais%20N%C2%B0%20240
Integramedica,Maipu 0110,"https://www.google.com/maps/dir/-27.3692305,-70.3417917/@-27.3692305,-70.3417917,17z"
Integramedica Marina Arauco,"Calle 13 Norte 853, 4° piso","https://www.google.com/maps/dir/Calle%2013%20Norte%20853,%204%C2%B0%20piso"
Integramédica Rancagua,Cuevas 405 3° piso (Mall Open Plaza Rancagua),"https://www.google.com/maps/dir/-34.1686941,-70.7430067/@-34.1686941,-70.7430067,17z"
IPS Lautaro,Pedro de Valdivia 272-A,"https://www.google.com/maps/dir/-38.531697,-72.4366421/@-38.531697,-72.4366421,17z"
IPS Melipilla,Serrano 541,"https://www.google.com/maps/dir/-33.686642,-71.2158711/@-33.686642,-71.2158711,17z"
IPS Parral,Urrutia 273,"https://www.google.com/maps/dir/-36.140659,-71.8232317/@-36.140659,-71.8232317,17z"
IPS Pichilemu,"Aníbal Pinto 249, Local A-1","https://www.google.com/maps/dir/-34.3873174,-72.0085368/@-34.3873174,-72.0085368,17z"
IPS Alameda,Av. Libertador B. O´Higgins 1353,"https://www.google.com/maps/dir/-33.444137,-70.6572929/@-33.444137,-70.6572929,17z"
IPS Alto del Carmen,Padre Alonso Garcia S/N,"https://www.google.com/maps/dir/-28.7736566,-70.4788188/@-28.7736566,-70.4788188,17z"
IPS Alto Hospicio,Avda la Pampa local 6-A,"https://www.google.com/maps/dir/-20.2750765,-70.1066762/@-20.2750765,-70.1066762,17z"
IPS Ancud,Errázuriz 881 esq. Los Carrera,https://www.google.com/maps/dir/Err%C3%A1zuriz%20881%20esq.%20Los%20Carrera
IPS Andacollo,Calle Umeneta N° 912,https://www.google.com/maps/dir/Calle%20Umeneta%20N%C2%B0%20912
IPS Angol,Ilabaca 343,"https://www.google.com/maps/dir/-37.798694,-72.70791/@-37.798694,-72.70791,17z"
IPS Antofagasta,Sucre #311 piso 2,"https://www.google.com/maps/dir/-23.6457153,-70.3998586/@-23.6457153,-70.3998586,17z"
IPS Arauco,Caupolican 512 - Local C,"https://www.google.com/maps/dir/-37.2472876,-73.3201943/@-37.2472876,-73.3201943,17z"
IPS Arica,Juan Noé 933,"https://www.google.com/maps/dir/-18.4794689,-70.3127227/@-18.4794689,-70.3127227,17z"
IPS Buin,Avda. Condell 455,"https://www.google.com/maps/dir/-33.7313016,-70.7443544/@-33.7313016,-70.7443544,17z"
IPS Bulnes,Bianchi S/N - Edificios Públicos,https://www.google.com/maps/dir/Bianchi%20S/N%20-%20Edificios%20P%C3%BAblicos
IPS Cabildo,Calle Zoila Gac N° 798-A,https://www.google.com/maps/dir/Calle%20Zoila%20Gac%20N%C2%B0%20798-A
IPS Cabrero,Av. Vial S/N,"https://www.google.com/maps/dir/-37.0362804,-72.4080371/@-37.0362804,-72.4080371,17z"
IPS Calama,General Velasquez S/N,"https://www.google.com/maps/dir/-22.4619845,-68.9295699/@-22.4619845,-68.9295699,17z"
IPS Calbuco,Federico Errázuriz 342,https://www.google.com/maps/dir/Federico%20Err%C3%A1zuriz%20342
IPS Caldera,Av. Batallon de Atacama 367,"https://www.google.com/maps/dir/-27.0688318,-70.8112842/@-27.0688318,-70.8112842,17z"
IPS Canela,"Calle Ignacio Carrera Pinto Nº 360, Canela Baja","https://www.google.com/maps/dir/Calle%20Ignacio%20Carrera%20Pinto%20N%C2%BA%20360,%20Canela%20Baja"
IPS Carahue,Caupolicán 355 - Local 1,https://www.google.com/maps/dir/Caupolic%C3%A1n%20355%20-%20Local%201
IPS Casablanca,Avenida Portales N° 316,https://www.google.com/maps/dir/Avenida%20Portales%20N%C2%B0%20316
IPS Castro,Serrano 406 -Piso 1,https://www.google.com/maps/dir/Serrano%20406%20-Piso%201
IPS Cauquenes,Victoria 348,"https://www.google.com/maps/dir/-35.9676309,-72.3160555/@-35.9676309,-72.3160555,17z"
IPS Cañete,Séptimo de Línea 647-B,"https://www.google.com/maps/dir/-37.8009756,-73.4032374/@-37.8009756,-73.4032374,17z"
IPS Chaitén,Almirante Riveros 538,https://www.google.com/maps/dir/Almirante%20Riveros%20538
IPS Chanco,Pedro de Valdivia 22,"https://www.google.com/maps/dir/-35.73365,-72.5354827/@-35.73365,-72.5354827,17z"
IPS Chañaral,Comercio N° 450,"https://www.google.com/maps/dir/-26.3471975,-70.6244862/@-26.3471975,-70.6244862,17z"
IPS Chile Chico,Ramón Freire 22,https://www.google.com/maps/dir/Ram%C3%B3n%20Freire%2022
IPS Chillan,Libertad 418,"https://www.google.com/maps/dir/-36.6057178,-72.1073431/@-36.6057178,-72.1073431,17z"
IPS Chimbarongo,Pisagua 106,"https://www.google.com/maps/dir/-34.7098536,-71.043758/@-34.7098536,-71.043758,17z"
IPS Cochrane,Teniente Merino 498,https://www.google.com/maps/dir/Teniente%20Merino%20498
IPS Coelemu,Manuel Antonio Matta N°602,"https://www.google.com/maps/dir/-36.4875052,-72.7066478/@-36.4875052,-72.7066478,17z"
IPS Colina,Avda. La Concepción 575-B,"https://www.google.com/maps/dir/-33.2037592,-70.682046/@-33.2037592,-70.682046,17z"
IPS Collipulli,Alcázar 786,https://www.google.com/maps/dir/Alc%C3%A1zar%20786
IPS Combarbalá,Calle Comercio N° 150,https://www.google.com/maps/dir/Calle%20Comercio%20N%C2%B0%20150
IPS Concepción,Castellón 435 Piso 1,https://www.google.com/maps/dir/Castell%C3%B3n%20%20435%20%20Piso%201
IPS Conchalí,Avda. Dorsal 1904,"https://www.google.com/maps/dir/-33.3985652,-70.6723657/@-33.3985652,-70.6723657,17z"
IPS Concón,Avenida Magallanes N° 1050 Local 6 y 7. Centro Comercial,https://www.google.com/maps/dir/Avenida%20Magallanes%20N%C2%B0%201050%20Local%206%20y%207.%20Centro%20Comercial
IPS Constitucion,Portales 80,"https://www.google.com/maps/dir/-35.328548,-72.4103377/@-35.328548,-72.4103377,17z"
IPS Copiapo,Atacama # 443 piso 1,"https://www.google.com/maps/dir/-27.3659802,-70.3379036/@-27.3659802,-70.3379036,17z"
IPS Coquimbo,Calle Melgarejo N° 980,https://www.google.com/maps/dir/Calle%20Melgarejo%20N%C2%B0%20980
IPS Coronel,Remigio Castro 121,"https://www.google.com/maps/dir/-37.0265225,-73.1495666/@-37.0265225,-73.1495666,17z"
IPS Corral,Miraflores S.N,https://www.google.com/maps/dir/Miraflores%20S.N
IPS Coyhaique,Arturo Prat 580,https://www.google.com/maps/dir/Arturo%20Prat%20580
IPS Coñaripe,Guido Ranberga 420,https://www.google.com/maps/dir/Guido%20Ranberga%20420
IPS Cunco,Avda. Santa Maria 285,https://www.google.com/maps/dir/Avda.%20Santa%20Maria%20285
IPS Curacautin,O'Higgins 908,https://www.google.com/maps/dir/O'Higgins%20908
IPS Curacaví,Germán Riesco 219 Local 4,"https://www.google.com/maps/dir/-33.4015425,-71.1322146/@-33.4015425,-71.1322146,17z"
IPS Curanilahue,Arturo Prat 1370,"https://www.google.com/maps/dir/-37.4766134,-73.3506316/@-37.4766134,-73.3506316,17z"
IPS Curepto,Reverendo José Cappel S/N,"https://www.google.com/maps/dir/-35.0937334,-72.0193858/@-35.0937334,-72.0193858,17z"
IPS Curico,Menbrillar S/N Esq.Villota,https://www.google.com/maps/dir/Menbrillar%20S/N%20Esq.Villota
IPS Diego de Almagro,Av. Juan Martines N° 907,"https://www.google.com/maps/dir/-26.3912188,-70.0463905/@-26.3912188,-70.0463905,17z"
IPS El Bosque,Avenida Alejandro Guzmán 925,"https://www.google.com/maps/dir/-33.5564794,-70.6649633/@-33.5564794,-70.6649633,17z"
IPS El Carmen,Baquedano 385,"https://www.google.com/maps/dir/-36.8972462,-72.0288827/@-36.8972462,-72.0288827,17z"
IPS El Quisco,Calle Libertad 208,https://www.google.com/maps/dir/Calle%20Libertad%20208
IPS El Salvador,Av. Atacama S/N,"https://www.google.com/maps/dir/-26.2476369,-69.6284976/@-26.2476369,-69.6284976,17z"
IPS Estación Central,Salvador San Fuentes 2648,"https://www.google.com/maps/dir/-33.451301,-70.6752629/@-33.451301,-70.6752629,17z"
IPS Freirina,Calle Templo S/N,"https://www.google.com/maps/dir/-28.5100774,-71.0856291/@-28.5100774,-71.0856291,17z"
IPS Fresia,San José Esq. Irarrázabal S/N,https://www.google.com/maps/dir/San%20Jos%C3%A9%20Esq.%20Irarr%C3%A1zabal%20S/N
IPS Frutillar,Carlos Richter 153,https://www.google.com/maps/dir/Carlos%20Richter%20153
IPS Futaleufú,Pedro Aguirre Cerda 330,https://www.google.com/maps/dir/Pedro%20Aguirre%20Cerda%20330
IPS Futrono,Pedro Leodegario 43,https://www.google.com/maps/dir/Pedro%20Leodegario%20%2043
IPS Gorbea,M. Mata 497,https://www.google.com/maps/dir/M.%20Mata%20497
IPS Hualañe,Ignacio Carrera Pinto S/N.,"https://www.google.com/maps/dir/-34.9772642,-71.8066401/@-34.9772642,-71.8066401,17z"
IPS Huasco,Craig S/N,"https://www.google.com/maps/dir/-28.4646336,-71.223662/@-28.4646336,-71.223662,17z"
IPS Huechuraba,Recoleta 5640,"https://www.google.com/maps/dir/-33.3739806,-70.6395347/@-33.3739806,-70.6395347,17z"
IPS Illapel,Constitución N° 50,https://www.google.com/maps/dir/Constituci%C3%B3n%20N%C2%B0%2050
IPS Independencia,Dardignac N°485,"https://www.google.com/maps/dir/-33.432001,-70.6482422/@-33.432001,-70.6482422,17z"
IPS Iquique,Tarapaca N° 568,"https://www.google.com/maps/dir/-20.213915,-70.1517757/@-20.213915,-70.1517757,17z"
IPS La Calera,"Calle J.J. Pérez N°595 AL 596,  Centro Comercial Puerta Norte","https://www.google.com/maps/dir/Calle%20J.J.%20P%C3%A9rez%20N%C2%B0595%20AL%20596,%C2%A0%20Centro%20Comercial%20Puerta%20Norte"
IPS La Florida,Walker Martínez 312,"https://www.google.com/maps/dir/-33.5223732,-70.5969166/@-33.5223732,-70.5969166,17z"
IPS La Granja,Av. Combarbalá 0536,"https://www.google.com/maps/dir/-33.5295228,-70.6227778/@-33.5295228,-70.6227778,17z"
IPS La Ligua,Calle Ortiz de Rosas N° 155,https://www.google.com/maps/dir/Calle%20Ortiz%20de%20Rosas%20N%C2%B0%20155
IPS La Serena,Avenida Balmaceda N° 696,https://www.google.com/maps/dir/Avenida%20Balmaceda%20N%C2%B0%20696
IPS La Unión,Esmeralda 580,https://www.google.com/maps/dir/Esmeralda%20580
IPS Lago Ranco,Santiago 407,https://www.google.com/maps/dir/Santiago%20407
IPS Laja,O'Higgins 137 -B,"https://www.google.com/maps/dir/-37.2810715,-72.715801/@-37.2810715,-72.715801,17z"
IPS Lampa,Sargento Aldea 840,"https://www.google.com/maps/dir/-33.2850282,-70.878398/@-33.2850282,-70.878398,17z"
IPS Lanco,Libertad 110,https://www.google.com/maps/dir/Libertad%20110
IPS Las Condes,Av. Américo Vespucio 100,"https://www.google.com/maps/dir/-33.4152158,-70.5856711/@-33.4152158,-70.5856711,17z"
IPS Lebu,Freire 510,"https://www.google.com/maps/dir/-37.6098901,-73.6576072/@-37.6098901,-73.6576072,17z"
IPS Limache,Calle Condell N° 47,https://www.google.com/maps/dir/Calle%20Condell%20N%C2%B0%2047
IPS Linares,Independencia 667,"https://www.google.com/maps/dir/-35.8469606,-71.5955906/@-35.8469606,-71.5955906,17z"
IPS Llanquihue,O´Higgins 422,https://www.google.com/maps/dir/O%C2%B4Higgins%20422
IPS Lo Prado,San Pablo 5849,"https://www.google.com/maps/dir/-33.4433088,-70.7183812/@-33.4433088,-70.7183812,17z"
IPS Lo Prado,San Pablo 5849,"https://www.google.com/maps/dir/-33.4433088,-70.7183812/@-33.4433088,-70.7183812,17z"
IPS Lolol,Calle Los Alerces 85,https://www.google.com/maps/dir/Calle%20Los%20Alerces%2085
IPS Loncoche,Pedro Montt 618 - Local 3,https://www.google.com/maps/dir/Pedro%20Montt%20618%20-%20Local%203
IPS Los Andes,O´Higgins Nº 243,https://www.google.com/maps/dir/O%C2%B4Higgins%20%20N%C2%BA%20243
IPS Los Angeles,Av. Ricardo Vicuña 363,"https://www.google.com/maps/dir/-37.472399,-72.3525657/@-37.472399,-72.3525657,17z"
IPS Los Lagos,Avda. Matta 143,https://www.google.com/maps/dir/Avda.%20Matta%20143
IPS Los Muermos,Bernardo O'Higgins 111,https://www.google.com/maps/dir/Bernardo%20O'Higgins%20111
IPS Los Vilos,Calle Lincoyan N° 280,https://www.google.com/maps/dir/Calle%20Lincoyan%20N%C2%B0%20280
IPS Lota,Caupolicán 545,"https://www.google.com/maps/dir/-37.090296,-73.1570177/@-37.090296,-73.1570177,17z"
IPS Mafil,O'Higgins con chacabuco,https://www.google.com/maps/dir/O'Higgins%20con%20chacabuco
IPS Maipú,Avda. Pajaritos 629,"https://www.google.com/maps/dir/-33.5211535,-70.7594227/@-33.5211535,-70.7594227,17z"
IPS Marchihue,Laureno Cornejo S/N° INDAP,"https://www.google.com/maps/dir/-34.399127,-71.6195683/@-34.399127,-71.6195683,17z"
IPS Maullín,Mac Iver 196,https://www.google.com/maps/dir/Mac%20Iver%20196
IPS Mejillones,Avda. Bernado O´higgins #451,"https://www.google.com/maps/dir/-23.1020007,-70.4488809/@-23.1020007,-70.4488809,17z"
IPS Monte Patria,Calle Lautaro S/N°,https://www.google.com/maps/dir/Calle%20Lautaro%20S/N%C2%B0
IPS Mulchen,Aníbal Pinto 383,"https://www.google.com/maps/dir/-37.720436,-72.2474384/@-37.720436,-72.2474384,17z"
IPS Nacimiento,Freire 436,"https://www.google.com/maps/dir/-37.5024176,-72.673563/@-37.5024176,-72.673563,17z"
IPS Nueva Imperial,Arturo Prat 281,"https://www.google.com/maps/dir/-38.7445251,-72.9549224/@-38.7445251,-72.9549224,17z"
IPS Nuñoa,Avda. José Pedro Alessandri 211,"https://www.google.com/maps/dir/-33.4567459,-70.6003344/@-33.4567459,-70.6003344,17z"
IPS Osorno,Juan Mackenna 930 - Piso 1,https://www.google.com/maps/dir/Juan%20Mackenna%20930%20-%20Piso%201
IPS Ovalle,Calle Vicuña Mackena N° 626,https://www.google.com/maps/dir/Calle%20Vicu%C3%B1a%20Mackena%20N%C2%B0%20626
IPS Padre Hurtado,Camino Melipilla 3292,"https://www.google.com/maps/dir/-33.5757893,-70.8239818/@-33.5757893,-70.8239818,17z"
IPS Padre Las Casas,Manquehue 850,https://www.google.com/maps/dir/Manquehue%20850
IPS Paillaco,Vicuña Mackenna 199,https://www.google.com/maps/dir/Vicu%C3%B1a%20Mackenna%20199
IPS Palena,Esmeralda 621,https://www.google.com/maps/dir/Esmeralda%20621
IPS Panguipulli,Edificio Obras Públicas S/N,https://www.google.com/maps/dir/Edificio%20Obras%20P%C3%BAblicas%20S/N
IPS Paredones,Avda. Dr. Moore 15,"https://www.google.com/maps/dir/-34.646469,-71.9016329/@-34.646469,-71.9016329,17z"
IPS Pelluhue,Padre Samuel Jofré 415,https://www.google.com/maps/dir/Padre%20Samuel%20Jofr%C3%A9%20415
IPS Peñalolén,Avda.. Las Torres 5555,"https://www.google.com/maps/dir/-33.5024016,-70.5798054/@-33.5024016,-70.5798054,17z"
IPS Pitrufquén,Avda. Dos de Enero 882,https://www.google.com/maps/dir/Avda.%20Dos%20de%20Enero%20882
IPS Porvenir,Muñoz Gamero 366,https://www.google.com/maps/dir/Mu%C3%B1oz%20Gamero%20366
IPS Pozo Almonte,Aldunate N° 310,"https://www.google.com/maps/dir/-20.2581514,-69.7879789/@-20.2581514,-69.7879789,17z"
IPS Providencia,Holanda 254,"https://www.google.com/maps/dir/-33.4214989,-70.6053145/@-33.4214989,-70.6053145,17z"
IPS Puchuncavi,Avenida Bernardo O´Higgins Nº 70,https://www.google.com/maps/dir/Avenida%20Bernardo%20O%C2%B4Higgins%20N%C2%BA%2070
IPS Puente Alto,Santo Domingo 481,"https://www.google.com/maps/dir/-33.6077838,-70.5796866/@-33.6077838,-70.5796866,17z"
IPS Puerto Aysén,Caupolicán 578,https://www.google.com/maps/dir/Caupolic%C3%A1n%20578
IPS Puerto Cisnes,Gabriela Mistral 595,https://www.google.com/maps/dir/Gabriela%20Mistral%20595
IPS Puerto Montt,Urmeneta 509 - Piso 1,https://www.google.com/maps/dir/Urmeneta%20509%20-%20Piso%201
IPS Puerto Natales,Magallanes 103,"https://www.google.com/maps/dir/-51.7263943,-72.5112494/@-51.7263943,-72.5112494,17z"
IPS Puerto Varas,San Pedro 237,https://www.google.com/maps/dir/San%20Pedro%20237
IPS Puerto Williams,O'Higgins 187,https://www.google.com/maps/dir/O'Higgins%20187
IPS Punitaqui,"Lautaro S/N°, Edificio Municipal","https://www.google.com/maps/dir/Lautaro%20S/N%C2%B0,%20Edificio%20Municipal"
IPS Punta Arenas,Pedro Montt 895,https://www.google.com/maps/dir/Pedro%20Montt%20%20895
IPS Puren,Quiroga 330,https://www.google.com/maps/dir/Quiroga%20330
IPS Purranque,21 de Mayo 271,https://www.google.com/maps/dir/21%20de%20Mayo%20271
IPS Putre,Jose Miguel Carrera N °350,"https://www.google.com/maps/dir/-18.1969698,-69.5684821/@-18.1969698,-69.5684821,17z"
IPS Puyehue,Tomas Glavez Wilson N° 2,https://www.google.com/maps/dir/Tomas%20Glavez%20Wilson%20N%C2%B0%202
IPS Quellón,Freire 424,https://www.google.com/maps/dir/Freire%20424
IPS Quilicura,Guardia Marina Riquelme 489,"https://www.google.com/maps/dir/-33.3700587,-70.7340029/@-33.3700587,-70.7340029,17z"
IPS Quillota,Calle Maipú N° 526,https://www.google.com/maps/dir/Calle%20Maip%C3%BA%20N%C2%B0%20526
IPS Quilpue,Calle Esmeralda N° 659,https://www.google.com/maps/dir/Calle%20Esmeralda%20N%C2%B0%20659
IPS Quintero,Avenida Normandie N° 2680 Local 2,https://www.google.com/maps/dir/Avenida%20Normandie%20N%C2%B0%202680%20Local%202
IPS Quirihue,José Joaquín Pérez N° 311,"https://www.google.com/maps/dir/-36.2822842,-72.5481318/@-36.2822842,-72.5481318,17z"
IPS Rancagua,Plaza Los Héroes 389,"https://www.google.com/maps/dir/-34.1700106,-70.7428241/@-34.1700106,-70.7428241,17z"
IPS Rengo,Urreola 355,"https://www.google.com/maps/dir/-34.4099009,-70.8592826/@-34.4099009,-70.8592826,17z"
IPS Río Bueno,Independencia 1000 Local 2,https://www.google.com/maps/dir/Independencia%201000%20Local%202
IPS Río negro,Vicuña Mackenna 277,https://www.google.com/maps/dir/Vicu%C3%B1a%20Mackenna%20277
IPS Salamanca,Calle Bulnes N° 214 Local C,https://www.google.com/maps/dir/Calle%20Bulnes%20N%C2%B0%20214%20Local%20C
IPS San Antonio,Avenida 5 Norte N° 222,https://www.google.com/maps/dir/Avenida%205%20Norte%20N%C2%B0%20222
IPS San Bernardo,Avda. Victoria 376,"https://www.google.com/maps/dir/-33.5917221,-70.7044977/@-33.5917221,-70.7044977,17z"
IPS San Carlos,Maipú 743,"https://www.google.com/maps/dir/-36.423659,-71.9605226/@-36.423659,-71.9605226,17z"
IPS San Clemente,Municipio Alejadro Cruz S/N,https://www.google.com/maps/dir/Municipio%20Alejadro%20Cruz%20S/N
IPS San Fco. de Mostazal,Independencia 1025-Biblioteca Municipal,"https://www.google.com/maps/dir/-33.9715124,-70.7141304/@-33.9715124,-70.7141304,17z"
IPS San Felipe,Calle Merced N° 872,https://www.google.com/maps/dir/Calle%20Merced%20N%C2%B0%20872
IPS San Fernando,Avda. Manuel Rodríguez 595,"https://www.google.com/maps/dir/-34.586845,-70.9919773/@-34.586845,-70.9919773,17z"
IPS San Javier,Arturo Prat 2662,"https://www.google.com/maps/dir/-35.5944255,-71.736929/@-35.5944255,-71.736929,17z"
IPS San José de la Mariquina,Mariquina 1030,https://www.google.com/maps/dir/Mariquina%201030
IPS San Miguel,Avda. José Miguel Carrera 4610,"https://www.google.com/maps/dir/-33.4960553,-70.6547903/@-33.4960553,-70.6547903,17z"
IPS San Vicente de TT,Arturo Prat 1090,"https://www.google.com/maps/dir/-34.4387607,-71.0789968/@-34.4387607,-71.0789968,17z"
IPS Santa Barbara,Manuel Rodríguez 11,"https://www.google.com/maps/dir/-37.6707983,-72.0232597/@-37.6707983,-72.0232597,17z"
IPS Santa Cruz,Nicolás Palacios 85,"https://www.google.com/maps/dir/-34.6392251,-71.3682571/@-34.6392251,-71.3682571,17z"
IPS Santiago Centro,San Pablo 2471,"https://www.google.com/maps/dir/-33.4349367,-70.6739195/@-33.4349367,-70.6739195,17z"
IPS Santo Domingo,Teatinos 601 Esq. Santo Domingo,"https://www.google.com/maps/dir/-33.4365675,-70.6577767/@-33.4365675,-70.6577767,17z"
IPS Talagante,Avda. Balmaceda 710 - Local 5,"https://www.google.com/maps/dir/-33.6615492,-70.9277149/@-33.6615492,-70.9277149,17z"
IPS Talca,2 Sur 5 Oriente 1196,"https://www.google.com/maps/dir/-35.4303172,-71.6660716/@-35.4303172,-71.6660716,17z"
IPS Talcahuano,Sargento Aldea N° 230,"https://www.google.com/maps/dir/-36.7148112,-73.1168708/@-36.7148112,-73.1168708,17z"
IPS Taltal,Serrano N° 679,"https://www.google.com/maps/dir/-25.4074776,-70.4861072/@-25.4074776,-70.4861072,17z"
IPS Tierra Amarilla,Miguel Lemur #536,"https://www.google.com/maps/dir/-27.353733,-70.3193332/@-27.353733,-70.3193332,17z"
IPS Tocopilla,Bolivar N° 1238,"https://www.google.com/maps/dir/-22.0937336,-70.2047526/@-22.0937336,-70.2047526,17z"
IPS Toltén,Avda. Los Copihues s/n,https://www.google.com/maps/dir/Avda.%20Los%20Copihues%20s/n
IPS Tome,"Serrano 1111, Local 5","https://www.google.com/maps/dir/-36.617658,-72.9603395/@-36.617658,-72.9603395,17z"
IPS Traiguén,Basilio Urrutia 914,https://www.google.com/maps/dir/Basilio%20Urrutia%20914
IPS Valdivia,Yungay 550 - Piso 1,https://www.google.com/maps/dir/Yungay%20550%20-%20Piso%201
IPS Vallenar,Arturo Prat N°1301,"https://www.google.com/maps/dir/-28.5777853,-70.7589087/@-28.5777853,-70.7589087,17z"
IPS Valparaiso,Avenida Brasil N° 1265 entrepiso,https://www.google.com/maps/dir/Avenida%20Brasil%20N%C2%B0%201265%20entrepiso
IPS Victoria,Calama 1149,https://www.google.com/maps/dir/Calama%201149
IPS Vicuña,Calle Chacabuco N° 409 A,https://www.google.com/maps/dir/Calle%20Chacabuco%20N%C2%B0%20409%20A
IPS Vilcún,Freire 295,https://www.google.com/maps/dir/Freire%20295
IPS Villa Alemana,Calle Maturana 185,https://www.google.com/maps/dir/Calle%20Maturana%20185
IPS Villarrica,Francisco Bilbao 795,"https://www.google.com/maps/dir/-39.284117,-72.230687/@-39.284117,-72.230687,17z"
IPS Viña del Mar,Calle Arlegui N° 966,https://www.google.com/maps/dir/Calle%20Arlegui%20N%C2%B0%20966
IPS Yumbel,Freire 565,"https://www.google.com/maps/dir/-37.1006405,-72.5641213/@-37.1006405,-72.5641213,17z"
IPS Yungay,Angamos 268,"https://www.google.com/maps/dir/-37.1212213,-72.0205283/@-37.1212213,-72.0205283,17z"
Isamédica,Bombero Villalobos 1049 (al interior Torre Médica),"https://www.google.com/maps/dir/-34.1860688,-70.7244258/@-34.1860688,-70.7244258,17z"
Multicentro Profesional de Maipú,Avda.El Carmen 1545,"https://www.google.com/maps/dir/-33.513621,-70.7654461/@-33.513621,-70.7654461,17z"
Municipalidad de Buin,Balmaceda N°305,"https://www.google.com/maps/dir/-33.7327444,-70.7422838/@-33.7327444,-70.7422838,17z"
Municipalidad de Bulnes,Edificio Publico S/N,https://www.google.com/maps/dir/Edificio%20Publico%20S/N
Municipalidad de Caldera,Calle Cousiño N° 392,"https://www.google.com/maps/dir/-27.0675131,-70.8238675/@-27.0675131,-70.8238675,17z"
Municipalidad de Cerrillos,Las Hortencias 400,"https://www.google.com/maps/dir/-33.4898615,-70.709858/@-33.4898615,-70.709858,17z"
Municipalidad de Coelemu,Pedro Leon Gallo 609,https://www.google.com/maps/dir/Pedro%20Leon%20Gallo%20609
Municipalidad de Colbún,Adolfo Novoa 419,https://www.google.com/maps/dir/Adolfo%20Novoa%20419
Municipalidad de Coltauco,Arturo Prat 66,"https://www.google.com/maps/dir/-34.2881653,-71.0861288/@-34.2881653,-71.0861288,17z"
Municipalidad de Curacaví,Ambrosio O'Higgins,"https://www.google.com/maps/dir/-33.4054539,-71.1388265/@-33.4054539,-71.1388265,17z"
Municipalidad de Doñihue,Dr. Sanhueza,"https://www.google.com/maps/dir/34.2228682,-70.9636131/@34.2228682,-70.9636131,17z"
Municipalidad de Estación Central,Avda. Libertador B. O'Higgins 3920,"https://www.google.com/maps/dir/-33.4542784,-70.6918124/@-33.4542784,-70.6918124,17z"
Municipalidad de Florida,Arturo Prat 675,"https://www.google.com/maps/dir/-36.8237906,-72.6628677/@-36.8237906,-72.6628677,17z"
Municipalidad de Graneros,Plaza de Armas S/N,"https://www.google.com/maps/dir/-34.0667379,-70.7269868/@-34.0667379,-70.7269868,17z"
Municipalidad de Hualañe,Libertad 90,"https://www.google.com/maps/dir/-34.977561,-71.8031947/@-34.977561,-71.8031947,17z"
Municipalidad de La Reina,FERNANDO CASTILLO VELAZCO 8580,"https://www.google.com/maps/dir/-33.4509382,-70.5453045/@-33.4509382,-70.5453045,17z"
Municipalidad de Las Cabras,John Kennedy 506,"https://www.google.com/maps/dir/-34.290502,-71.3092249/@-34.290502,-71.3092249,17z"
Municipalidad de Licantén,Juan Esteban Montero 25,"https://www.google.com/maps/dir/-34.987744,-71.9859287/@-34.987744,-71.9859287,17z"
Municipalidad de Lo Barnechea,El Roble 13730,"https://www.google.com/maps/dir/-33.360115,-70.5166861/@-33.360115,-70.5166861,17z"
Municipalidad de Longaví,La Copa S/N CESFAM Amanda Benavente,https://www.google.com/maps/dir/La%20Copa%20S/N%20%20CESFAM%20Amanda%20Benavente
Municipalidad de Los Alamos,Pedro Eyheramendy 835,https://www.google.com/maps/dir/Pedro%20Eyheramendy%20%20835
Municipalidad de Mostazal,Luco 400 al interior del CESFAM,"https://www.google.com/maps/dir/-33.9779684,-70.709832/@-33.9779684,-70.709832,17z"
Municipalidad de Nancagua,Armando Jaramillo 99,"https://www.google.com/maps/dir/-34.6512348,-71.2069128/@-34.6512348,-71.2069128,17z"
Municipalidad de Pedro Aguirre Cerda,Manuela Errázuriz 4675 - PISO 2,"https://www.google.com/maps/dir/-33.492056,-70.6692921/@-33.492056,-70.6692921,17z"
Municipalidad de Penco,Freire 510,"https://www.google.com/maps/dir/-36.7374843,-72.9969754/@-36.7374843,-72.9969754,17z"
Municipalidad de Pichilemu,Avda. La Costanera 170,"https://www.google.com/maps/dir/-34.3846447,-72.0098773/@-34.3846447,-72.0098773,17z"
Municipalidad de Porvenir,Zavattaro 434,https://www.google.com/maps/dir/Zavattaro%20434
Municipalidad de Quilicura,José Francisco Vergara 450,"https://www.google.com/maps/dir/-33.3687316,-70.7318649/@-33.3687316,-70.7318649,17z"
Municipalidad de Quirihue,Independencia 699,"https://www.google.com/maps/dir/-36.2818434,-72.5432984/@-36.2818434,-72.5432984,17z"
Municipalidad de San Javier,Sargento Aldea N°415,"https://www.google.com/maps/dir/-35.5938356,-71.734275/@-35.5938356,-71.734275,17z"
Municipalidad de Santa Bárbara,Rozas 160,"https://www.google.com/maps/dir/-37.66836,-72.023913/@-37.66836,-72.023913,17z"
Municipalidad de Santa Juana,Irarrázabal 297,"https://www.google.com/maps/dir/-37.1765644,-72.9405609/@-37.1765644,-72.9405609,17z"
Municipalidad de Tucapel,12 de Febrero S/N,"https://www.google.com/maps/dir/-37.2407367,-71.9444489/@-37.2407367,-71.9444489,17z"
Municipalidad de Villa Alegre,Manuel Rodríguez S/N.,"https://www.google.com/maps/dir/-35.6759833,-71.7461897/@-35.6759833,-71.7461897,17z"
Municipalidad de Yerbas Buenas,Calle Centenario 101,"https://www.google.com/maps/dir/-35.747325,-71.5845747/@-35.747325,-71.5845747,17z"
Municipalidad de Yumbel,O'higgins 851,"https://www.google.com/maps/dir/-37.097857,-72.5634696/@-37.097857,-72.5634696,17z"
Municipalidad de Yungay,Esmeralda 380,https://www.google.com/maps/dir/Esmeralda%20380
Municipalidad Llanquihue,Avda. Los Volcanes 487,https://www.google.com/maps/dir/Avda.%20Los%20Volcanes%20487
Municipalidad Los Sauces,Ercilla 205,https://www.google.com/maps/dir/Ercilla%20205
Municipalidad Paillaco,Cochrane 240,https://www.google.com/maps/dir/Cochrane%20240
Municipalidad Puerto Saavedra,Saavedra,https://www.google.com/maps/dir/Saavedra
Municipalidad Río Bueno,Comercio 612,https://www.google.com/maps/dir/Comercio%20612
Policenter La Florida,Avda .Vicuña Mackenna 10477,"https://www.google.com/maps/dir/-33.5542348,-70.5892926/@-33.5542348,-70.5892926,17z"
Policenter Puente Alto,21 de mayo 0178,"https://www.google.com/maps/dir/-33.6105575,-70.5757535/@-33.6105575,-70.5757535,17z"
SUC. FNS. ALTO HOSPICIO,AVENIDA LA PAMPA N° 3121 LOCAL 9 Y 10,"https://www.google.com/maps/dir/-20.270663,-70.103806/@-20.270663,-70.103806,17z"
SUC. FNS. ANCUD,CALLE ANIBAL PINTO N° 317,"https://www.google.com/maps/dir/-41.8690626,-73.8261987/@-41.8690626,-73.8261987,17z"
SUC. FNS. ANGOL,CALLE LAUTARO N° 225,"https://www.google.com/maps/dir/-37.7982992,-72.7083959/@-37.7982992,-72.7083959,17z"
SUC. FNS. ANTOFAGASTA,"Avenida Jose Miguel Carrera N° 1725, Sector Av. Brasil","https://www.google.com/maps/dir/Avenida%20Jose%20Miguel%20Carrera%20N%C2%B0%201725,%20Sector%20Av.%20Brasil"
SUC. FNS. ARICA,CALLE COLÓN N° 335,"https://www.google.com/maps/dir/-18.478697,-70.3205393/@-18.478697,-70.3205393,17z"
SUC. FNS. AV. ALEMANIA TEMUCO,AVENIDA ALEMANIA N° 890,"https://www.google.com/maps/dir/-38.7333276,-72.6156661/@-38.7333276,-72.6156661,17z"
SUC. FNS. CABRERO,CALLE TUCAPEL N° 360 (CESFAM),"https://www.google.com/maps/dir/-37.0382319,-72.4014561/@-37.0382319,-72.4014561,17z"
SUC. FNS. CALAMA,CALLE COBIJA N° 2033,"https://www.google.com/maps/dir/-22.4648518,-68.928261/@-22.4648518,-68.928261,17z"
SUC. FNS. CALERA,CALLE PRAT N° 634,"https://www.google.com/maps/dir/-32.7882729,-71.1922229/@-32.7882729,-71.1922229,17z"
SUC. FNS. CAMPANIL,"CALLE VICTOR LAMAS N° 1290, GALERIA EL FORO LOCAL 2, BARRIO UNIVERSITARIO","https://www.google.com/maps/dir/-36.8284078,-73.0409815/@-36.8284078,-73.0409815,17z"
SUC. FNS. CASTRO,CALLE GAMBOA N° 390 LOCALES 106 Y 113,"https://www.google.com/maps/dir/-42.4817918,-73.7655047/@-42.4817918,-73.7655047,17z"
SUC. FNS. CAUQUENES,CLAUDINA URRUTIA N° 569,"https://www.google.com/maps/dir/-35.9657637,-72.3169042/@-35.9657637,-72.3169042,17z"
SUC. FNS. CAÑETE,SEPTIMO DE LINEA N° 654 GALERIA LOS MANANTIALES LOCALES 3 Y 4,"https://www.google.com/maps/dir/-37.8008919,-73.4030276/@-37.8008919,-73.4030276,17z"
SUC. FNS. CESFAM ANDES,"CALLE ANDES N° 4232, CORONEL ROBLE 4234","https://www.google.com/maps/dir/-33.4339315,-70.6948697/@-33.4339315,-70.6948697,17z"
SUC. FNS. CESFAM D. OSVALDO RUZ DE MACHALI,CALLE MIRANDA N° 420 (CESFAM DR. OSVALDO RUZ),"https://www.google.com/maps/dir/-34.1798198,-70.6533772/@-34.1798198,-70.6533772,17z"
SUC. FNS. CESFAM IRIS VELIZ,CALLE BARROS LUCO N° 2269,"https://www.google.com/maps/dir/-18.4866818,-70.2867457/@-18.4866818,-70.2867457,17z"
SUC. FNS. CESFAM LAS MERCEDES,EMBAJADOR QUINTANA N° 5090,"https://www.google.com/maps/dir/-33.4520936,-70.7060325/@-33.4520936,-70.7060325,17z"
SUC. FNS. CHIGUAYANTE,AVENIDA MANUEL RODRÍGUEZ N° 300 L.2,"https://www.google.com/maps/dir/-36.9214582,-73.0296973/@-36.9214582,-73.0296973,17z"
SUC. FNS. CHILLAN,CALLE 18 DE SEPTIEMBRE N° 801,"https://www.google.com/maps/dir/-36.60978,-72.1073587/@-36.60978,-72.1073587,17z"
SUC. FNS. CONCEPCIÓN,CALLE CASTELLÓN N° 435,"https://www.google.com/maps/dir/-36.8255061,-73.0475043/@-36.8255061,-73.0475043,17z"
SUC. FNS. CONCHALÍ,FERMIN VIVACETA N° 3161,"https://www.google.com/maps/dir/-33.3984983,-70.6743052/@-33.3984983,-70.6743052,17z"
SUC. FNS. CONSTITUCION,CALLE HOSPITAL N° 200,"https://www.google.com/maps/dir/-35.3387356,-72.4023797/@-35.3387356,-72.4023797,17z"
SUC. FNS. COPIAPO,CALLE ATACAMA N° 870,"https://www.google.com/maps/dir/-27.3697012,-70.3336827/@-27.3697012,-70.3336827,17z"
SUC. FNS. COQUIMBO,CALLE ALDUNATE N° 1354,"https://www.google.com/maps/dir/-29.956264,-71.3411722/@-29.956264,-71.3411722,17z"
SUC. FNS. CORONEL,CALLE LOS CARRERA N° 772,"https://www.google.com/maps/dir/-37.0299827,-73.1486034/@-37.0299827,-73.1486034,17z"
SUC. FNS. COYHAIQUE,CALLE EUSEBIO LILLO N° 377,"https://www.google.com/maps/dir/-45.5738191,-72.0707123/@-45.5738191,-72.0707123,17z"
SUC. FNS. CRS SALVADOR ALLENDE,AVENIDA TENIENTE CRUZ N° 800,"https://www.google.com/maps/dir/-33.4447455,-70.743318/@-33.4447455,-70.743318,17z"
SUC. FNS. CURANILAHUE,CALLE RIQUELME N° 761,"https://www.google.com/maps/dir/-37.4772191,-73.3471992/@-37.4772191,-73.3471992,17z"
SUC. FNS. CURICO,CALLE CARMEN N° 560 EDIFICIOS PUBLICOS,"https://www.google.com/maps/dir/-34.9851734,-71.240952/@-34.9851734,-71.240952,17z"
SUC. FNS. EL LLANO,EL LLANO SUBERCASEAUX N° 3965,"https://www.google.com/maps/dir/-33.48996,-70.6542573/@-33.48996,-70.6542573,17z"
SUC. FNS. HOSP. CARLOS VAN BUREN,"CALLE HONTANEDA S/N , ESQUINA COLÓN (INTERIOR CONSULTORIO ESPECIALIDADES)","https://www.google.com/maps/dir/-33.0512771,-71.6074279/@-33.0512771,-71.6074279,17z"
SUC. FNS. HOSP. CLAUDIO VICUÑA,AVENIDA CARMEN GUERRERO N° 945,"https://www.google.com/maps/dir/-33.5890224,-71.6107459/@-33.5890224,-71.6107459,17z"
SUC. FNS. HOSP. CLINICO U. DE CHILE,AVENIDA SANTO DUMONT N° 999,"https://www.google.com/maps/dir/-33.4200497,-70.6552829/@-33.4200497,-70.6552829,17z"
SUC. FNS. HOSP. CURACAVI,AVENIDA AMBROSIO O’HIGGINS N° 500,"https://www.google.com/maps/dir/-33.4090613,-71.1484753/@-33.4090613,-71.1484753,17z"
SUC. FNS. HOSP. DE OVALLE ANTONIO TIRADO LANAS,CALLE ARIZTIA PONIENTE N° 7,"https://www.google.com/maps/dir/-30.5993436,-71.1993197/@-30.5993436,-71.1993197,17z"
SUC. FNS. HOSP. DE TALCA,CALLE 1 NORTE N° 1990,"https://www.google.com/maps/dir/-35.4279747,-71.6494401/@-35.4279747,-71.6494401,17z"
SUC. FNS. HOSP. GMO. GRANT BENAVENTE,CALLE SAN MARTÍN N° 1436,"https://www.google.com/maps/dir/-36.8249434,-73.0401338/@-36.8249434,-73.0401338,17z"
SUC. FNS. HOSP. GUSTAVO FRICKE,CALLE ALVAREZ N° 1532,"https://www.google.com/maps/dir/-33.0289705,-71.5444097/@-33.0289705,-71.5444097,17z"
SUC. FNS. HOSP. HERMINDA MARTÍN,AVENIDA FRANCISCO RAMIREZ N° 10,"https://www.google.com/maps/dir/-36.608883,-72.0947177/@-36.608883,-72.0947177,17z"
SUC. FNS. HOSP. LAUTARO,BARROS ARANA N° 820,"https://www.google.com/maps/dir/-38.5369782,-72.4214962/@-38.5369782,-72.4214962,17z"
SUC. FNS. HOSP. LIMACHE,CALLE CARELMAPU N° 57,"https://www.google.com/maps/dir/-32.9984338,-71.2714278/@-32.9984338,-71.2714278,17z"
SUC. FNS. HOSP. MULCHEN,"CALLE PEDRO LAGOS, ESQUINA DE VILLAGRA S/N","https://www.google.com/maps/dir/-37.720296,-72.241356/@-37.720296,-72.241356,17z"
SUC. FNS. HOSP. OSORNO,AVENIDA DR. GUILLERMO BÜHLER N° 1765,"https://www.google.com/maps/dir/-40.587566,-73.1305086/@-40.587566,-73.1305086,17z"
SUC. FNS. HOSP. PUERTO AYSEN,CALLE YUSEFF 180,"https://www.google.com/maps/dir/-45.4079617,-72.687489/@-45.4079617,-72.687489,17z"
SUC. FNS. HOSP. PUERTO MONTT,CALLE LOS AROMOS N° 65,"https://www.google.com/maps/dir/-41.4491766,-72.9594584/@-41.4491766,-72.9594584,17z"
SUC. FNS. HOSP. PUREN,CALLE IMPERIAL N° 1562,"https://www.google.com/maps/dir/-38.0334944,-73.0806501/@-38.0334944,-73.0806501,17z"
SUC. FNS. HOSP. QUELLON,CALLE DR. AHUES N° 305,"https://www.google.com/maps/dir/-43.1154543,-73.6196338/@-43.1154543,-73.6196338,17z"
SUC. FNS. HOSP. QUILPUE,SAN MARTIN N° 1270,"https://www.google.com/maps/dir/-33.0519946,-71.4359118/@-33.0519946,-71.4359118,17z"
SUC. FNS. HOSP. REGIONAL RANCAGUA,AVENIDA LIBERTADOR BERNARDO OHIGGINS N° 3095,"https://www.google.com/maps/dir/-34.1580366,-70.7671524/@-34.1580366,-70.7671524,17z"
SUC. FNS. HOSP. SAN CAMILO,AVENIDA MIRAFLORES N° 2085,"https://www.google.com/maps/dir/-32.749829,-70.71161/@-32.749829,-70.71161,17z"
SUC. FNS. HOSP. SAN PABLO DE COQUIMBO,AVENIDA VIDELA S/N° SECTOR TORRE NUEVA,"https://www.google.com/maps/dir/-29.9632204,-71.338786/@-29.9632204,-71.338786,17z"
SUC. FNS. HOSP. SOTERO DEL RÍO,CONCHA Y TORO N° 3459,"https://www.google.com/maps/dir/-33.5765618,-70.5820588/@-33.5765618,-70.5820588,17z"
SUC. FNS. HOSP. VALDIVIA,CALLE CORONEL SANTIAGO BUERAS N° 1003,"https://www.google.com/maps/dir/-39.8301855,-73.2414949/@-39.8301855,-73.2414949,17z"
SUC. FNS. HOSP. VÍCTOR RÍOS RUIZ,AVENIDA RICARDO VUCUÑA N° 147,"https://www.google.com/maps/dir/-37.4727166,-72.3478468/@-37.4727166,-72.3478468,17z"
SUC. FNS. I. M. QUILICURA,JOSE FRANCISCO VERGARAN° 450,"https://www.google.com/maps/dir/-33.3687271,-70.7318595/@-33.3687271,-70.7318595,17z"
SUC. FNS. I.M. DE CERRILLOS,HORTENSIAS N° 400,"https://www.google.com/maps/dir/-33.4898571,-70.7098526/@-33.4898571,-70.7098526,17z"
SUC. FNS. I.M. DE PICHIDEGUA,INDEPENDENCIA 568,"https://www.google.com/maps/dir/-34.3592382,-71.2836115/@-34.3592382,-71.2836115,17z"
SUC. FNS. I.M. DE PICHILEMU,ERRAZURIZ 152,"https://www.google.com/maps/dir/-34.3863963,-72.0086631/@-34.3863963,-72.0086631,17z"
SUC. FNS. I.M. ESTACIÓN CENTRAL,AV. LIBERTADOR BERNARDO O'HIGGINS N° 3920,"https://www.google.com/maps/dir/-33.4542739,-70.691807/@-33.4542739,-70.691807,17z"
SUC. FNS. I.M. P. A. C.,EDIFICIO CONSISTORIAL CALLE MANUEL ERRAZURIZ N° 4675,https://www.google.com/maps/dir/EDIFICIO%20CONSISTORIAL%20CALLE%20MANUEL%20ERRAZURIZ%20N%C2%B0%204675
SUC. FNS. I.M. Q. NORMAL CATAMARCA,CATAMARCA N° 2232 (local Interior),"https://www.google.com/maps/dir/-33.4187822,-70.7109307/@-33.4187822,-70.7109307,17z"
SUC. FNS. I.M. QUINTA DE TILCOCO,MIGUEL CUADRA 100,"https://www.google.com/maps/dir/-34.3550025,-70.9677816/@-34.3550025,-70.9677816,17z"
SUC. FNS. ILLAPEL,CALLE CONSTITUCION N° 132,"https://www.google.com/maps/dir/-31.6327829,-71.1694544/@-31.6327829,-71.1694544,17z"
SUC. FNS. IQUIQUE,CALLE OBISPO LABBE N° 986,"https://www.google.com/maps/dir/-20.21712,-70.1523087/@-20.21712,-70.1523087,17z"
SUC. FNS. LA FLORIDA,AVENIDA VICUÑA MACKENNA PONIENTE N° 6001,"https://www.google.com/maps/dir/-33.511375,-70.6132841/@-33.511375,-70.6132841,17z"
SUC. FNS. LA LIGUA,"CALLE ORTIZ DE ROZAS N° 434 1ER. PISO GALERIA ""LOS LUCUMOS""","https://www.google.com/maps/dir/-32.4488515,-71.2326487/@-32.4488515,-71.2326487,17z"
SUC. FNS. LA REINA,FERNANDO CASTILLO VELAZCO 8580,"https://www.google.com/maps/dir/-33.4509337,-70.5452991/@-33.4509337,-70.5452991,17z"
SUC. FNS. LA SERENA,CALLE EDUARDO DE LA BARRA N° 346,"https://www.google.com/maps/dir/-29.904431,-71.254429/@-29.904431,-71.254429,17z"
SUC. FNS. LA UNION,CALLE ANGANOS N° 445,"https://www.google.com/maps/dir/-40.29379,-73.1483846/@-40.29379,-73.1483846,17z"
SUC. FNS. LAS CONDES,AVENIDA APOQUINDO N° 9071,"https://www.google.com/maps/dir/-33.4079394,-70.5475501/@-33.4079394,-70.5475501,17z"
SUC. FNS. LEBU,CALLE JOSE MIGUEL CARRERA N° 585,"https://www.google.com/maps/dir/-37.6079237,-73.6563364/@-37.6079237,-73.6563364,17z"
SUC. FNS. LINARES,CALLE LAUTARO N° 514-C,"https://www.google.com/maps/dir/-35.8466543,-71.5964725/@-35.8466543,-71.5964725,17z"
SUC. FNS. LOS ANDES,AVENIDA LIBERTADOR BERNARDO O'HIGGINS N°258,"https://www.google.com/maps/dir/-32.8347505,-70.5992187/@-32.8347505,-70.5992187,17z"
SUC. FNS. LOS ANGELES,CALLE ALMAGRO N° 417,"https://www.google.com/maps/dir/-37.4690332,-72.3516728/@-37.4690332,-72.3516728,17z"
SUC. FNS. LOS LAGOS,CALLE MATTA N° 117 LOCAL 2,"https://www.google.com/maps/dir/-39.8623466,-72.8187723/@-39.8623466,-72.8187723,17z"
SUC. FNS. LOTA,AVENIDA PEDRO AGUIRRE CERDA N° 457,"https://www.google.com/maps/dir/-37.0937806,-73.1582606/@-37.0937806,-73.1582606,17z"
SUC. FNS. MELIPILLA,ORTUZAR N° 582 LOCAL 10 Y 12,"https://www.google.com/maps/dir/-33.6869835,-71.2176397/@-33.6869835,-71.2176397,17z"
SUC. FNS. MOLINA,"CALLE INDEPENDENCIA N° 1801, ESQUINA YERBAS BUENAS","https://www.google.com/maps/dir/-35.1129261,-71.2839512/@-35.1129261,-71.2839512,17z"
SUC. FNS. MONJITAS,SAN ANTONIO N° 459,"https://www.google.com/maps/dir/-33.4375162,-70.6505742/@-33.4375162,-70.6505742,17z"
SUC. FNS. NACIMIENTO,"CALLE FREIRE N° 374, LOCAL 6 (GALERIA LA FLAWERPETITFLER)","https://www.google.com/maps/dir/-37.5025917,-72.6726599/@-37.5025917,-72.6726599,17z"
SUC. FNS. OSORNO,CALLE LOS CARRERAS N° 774,"https://www.google.com/maps/dir/-40.5717181,-73.1395883/@-40.5717181,-73.1395883,17z"
SUC. FNS. OVALLE,CALLE VICTORIA N° 379,"https://www.google.com/maps/dir/-30.6047459,-71.2051721/@-30.6047459,-71.2051721,17z"
SUC. FNS. PANGUIPULLI,CALLE BERNARDO OHIGGNIS N° 530,"https://www.google.com/maps/dir/-39.6421243,-72.3315409/@-39.6421243,-72.3315409,17z"
SUC. FNS. PARRAL,CALLE BALMACEDA N° 216. OF. 1,"https://www.google.com/maps/dir/-36.139693,-71.8247037/@-36.139693,-71.8247037,17z"
SUC. FNS. PEÑAFLOR,ARTURO PRAT N° 113,"https://www.google.com/maps/dir/-33.6092501,-70.9049108/@-33.6092501,-70.9049108,17z"
SUC. FNS. PLAZA MAIPU,ALBERTO LLONA N° 1770,"https://www.google.com/maps/dir/-33.511918,-70.7582459/@-33.511918,-70.7582459,17z"
SUC. FNS. PLAZA NORTE,AVENIDA NICOLAS TIRADO S/N,"https://www.google.com/maps/dir/-23.5921508,-70.3893914/@-23.5921508,-70.3893914,17z"
SUC. FNS. PLAZA PUENTE ALTO,DIAGONAL NORTE N° 780,"https://www.google.com/maps/dir/-33.6039983,-70.583391/@-33.6039983,-70.583391,17z"
SUC. FNS. PUENTE ALTO,CONCHA Y TORO N° 3779,"https://www.google.com/maps/dir/-33.572866,-70.5848295/@-33.572866,-70.5848295,17z"
SUC. FNS. PUERTO MONTT,CALLE BENAVENTE N° 850,"https://www.google.com/maps/dir/-41.4721861,-72.9506931/@-41.4721861,-72.9506931,17z"
SUC. FNS. PUERTO NATALES,"CALLE BERNARDO O""HIGGINS N° 657 -B",https://www.google.com/maps/dir/CALLE%20BERNARDO%20O%22HIGGINS%20N%C2%B0%20657%20-B
SUC. FNS. PUERTO VARAS,"CALLE EL SALVADOR N° 318, LOCAL 4","https://www.google.com/maps/dir/-41.3178539,-72.9865168/@-41.3178539,-72.9865168,17z"
SUC. FNS. PUNTA ARENAS,CALLE BORIES N° 432,https://www.google.com/maps/dir/CALLE%20BORIES%20N%C2%B0%20432
SUC. FNS. QUILLOTA,CALLE RAMÓN FREIRE N° 285,"https://www.google.com/maps/dir/-32.8803237,-71.2474837/@-32.8803237,-71.2474837,17z"
SUC. FNS. QUILPUE,CALLE BLANCO ENCALADA N° 1023 LOCAL 5,"https://www.google.com/maps/dir/-32.9964498,-71.1920226/@-32.9964498,-71.1920226,17z"
SUC. FNS. RANCAGUA,CALLE ESTADO N° 101 piso 1,"https://www.google.com/maps/dir/-34.1669531,-70.742317/@-34.1669531,-70.742317,17z"
SUC. FNS. RECOLETA,AVENIDA RECOLETA N° 2746 LOCAL 1 Y 2,"https://www.google.com/maps/dir/-33.4024545,-70.6452881/@-33.4024545,-70.6452881,17z"
SUC. FNS. RENCA,BLANCO ENCALADA N° 1335 - A,"https://www.google.com/maps/dir/-33.4036316,-70.7067184/@-33.4036316,-70.7067184,17z"
SUC. FNS. RENGO,AVENIDA RENATO CORREA N° 210 HOSPITAL DE RENGO,"https://www.google.com/maps/dir/-34.4125673,-70.8564499/@-34.4125673,-70.8564499,17z"
SUC. FNS. SAN BERNARDO,AMERICA N° 654,"https://www.google.com/maps/dir/-33.5781552,-70.7053205/@-33.5781552,-70.7053205,17z"
SUC. FNS. SAN CARLOS,"CALLE ERNESTO RIQULEME N° 449 GALERIA ESPACIO CIRCULAR, LOCAL 16 Y 17","https://www.google.com/maps/dir/-36.4271635,-71.9596351/@-36.4271635,-71.9596351,17z"
SUC. FNS. SAN FELIPE,"CALLE MERCED N° 219 L.1, EDIFICIO CONSISTORIAL, GOBERNACIÓN PROVINCIAL","https://www.google.com/maps/dir/-32.7508576,-70.7294444/@-32.7508576,-70.7294444,17z"
SUC. FNS. SAN FERNANDO,AVENIDA MANUEL RODRIGUEZ N° 620,"https://www.google.com/maps/dir/-34.5872454,-70.9910671/@-34.5872454,-70.9910671,17z"
SUC. FNS. SAN MIGUEL,AVENIDA J.M. CARRERA N° 5728,"https://www.google.com/maps/dir/-33.5065123,-70.6576175/@-33.5065123,-70.6576175,17z"
SUC. FNS. SAN PEDRO,AVENIDA MICHIMALONCO N° 999,"https://www.google.com/maps/dir/-36.8423871,-73.0925123/@-36.8423871,-73.0925123,17z"
SUC. FNS. SAN VICENTE,"AVENIDA GERMAN RIESCO N° 858, LOCAL 15 galeria narganes","https://www.google.com/maps/dir/-34.4397493,-71.0791991/@-34.4397493,-71.0791991,17z"
SUC. FNS. SANTA CRUZ,"AVENIDA ERRAZURIZ N° 920, PISO 5 (HOSPITAL DE SANTA CRUZ)","https://www.google.com/maps/dir/-34.635184,-71.3584795/@-34.635184,-71.3584795,17z"
SUC. FNS. SANTA LUCIA,MIRAFLORES N° 176,"https://www.google.com/maps/dir/-33.4407087,-70.64748/@-33.4407087,-70.64748,17z"
SUC. FNS. TALAGANTE,ESMERALDA N° 1062,https://www.google.com/maps/dir/ESMERALDA%20N%C2%B0%201062
SUC. FNS. TALCA,CALLE 6 ORIENTE N° 1218,"https://www.google.com/maps/dir/-35.4264268,-71.6604456/@-35.4264268,-71.6604456,17z"
SUC. FNS. TALCAHUANO,CALLE SARGENTO ALDEA N° 260,"https://www.google.com/maps/dir/-36.71497,-73.1165048/@-36.71497,-73.1165048,17z"
SUC. FNS. TEMUCO,CALLE ANTONIO VARAS N° 669,"https://www.google.com/maps/dir/-38.7400661,-72.5945572/@-38.7400661,-72.5945572,17z"
SUC. FNS. TOCOPILLA,CALLE 21 DE MAYO N° 1477,"https://www.google.com/maps/dir/-22.0943254,-70.2046243/@-22.0943254,-70.2046243,17z"
SUC. FNS. TOME,CALLE MARIANO EGAÑA N° 1121 LOCAL 2,"https://www.google.com/maps/dir/-36.6173617,-72.9567222/@-36.6173617,-72.9567222,17z"
SUC. FNS. TRAIGUEN,CALLE SAAVEDRA N° 556 -B,"https://www.google.com/maps/dir/-38.2503373,-72.6703614/@-38.2503373,-72.6703614,17z"
SUC. FNS. VALDIVIA,CALLE PÉREZ ROSALES N° 645 LOCAL N°1,"https://www.google.com/maps/dir/-39.8156278,-73.2488911/@-39.8156278,-73.2488911,17z"
SUC. FNS. VALLENAR,CALLE RAMIREZ N° 1092 ESQUINA COLCHAGUA,"https://www.google.com/maps/dir/-28.5761521,-70.7601512/@-28.5761521,-70.7601512,17z"
SUC. FNS. VALPARAISO,AVENIDA ERRAZURIZ N° 1150,"https://www.google.com/maps/dir/-33.0418427,-71.6257657/@-33.0418427,-71.6257657,17z"
SUC. FNS. VICTORIA,CALLE CALAMA N° 1191,https://www.google.com/maps/dir/CALLE%20CALAMA%20N%C2%B0%201191
SUC. FNS. VILLA ALEMANA,CALLE BUENOS AIRES N° 739,"https://www.google.com/maps/dir/-33.0430637,-71.3763902/@-33.0430637,-71.3763902,17z"
SUC. FNS. VILLARRICA,CALLE CAMILO HENRIQUEZ N° 262,"https://www.google.com/maps/dir/-39.2800768,-72.2270704/@-39.2800768,-72.2270704,17z"
SUC. FNS. VIÑA DEL MAR,CALLE ARLEGUI N° 215,"https://www.google.com/maps/dir/-33.0228742,-71.5615912/@-33.0228742,-71.5615912,17z"
SUC. FNS. VIÑA NORTE,"CALLE 14 NORTE N° 951, LOCAL SUR 4","https://www.google.com/maps/dir/-33.0094884,-71.5476691/@-33.0094884,-71.5476691,17z"
SUC. FNS. ÑUÑOA,IRARRAZAVAL N° 3120 Y N° 3130,"https://www.google.com/maps/dir/-33.4542468,-70.6003041/@-33.4542468,-70.6003041,17z"
SUC.FNS GRECIA,Av. Grecia 3980,https://www.google.com/maps/dir/Av.%20Grecia%203980
SUCURSAL FUNDACION FALP,Rancagua 878,"https://www.google.com/maps/dir/-33.4389175,-70.6236424/@-33.4389175,-70.6236424,17z"
Sucursal Talagante,Esmeralda N° 1062,https://www.google.com/maps/dir/Esmeralda%20N%C2%B0%201062
